Indian Oil Madura Sundararaj Fuel Station - AUTO LPG,12.11846,78.15708
Indian Oil Petrol Pump T.A.M.S.K FUEL SERVICES,12.13945,78.15201
Sri Balaji Petroleum Company,12.13045,78.15861
UMS BPCL Petrol Bunk,12.12396,78.16209
HP PETROL PUMP - D R RAMAMURTHY + SONS,12.13547,78.16124
Bharath Petrol Bunk,12.13695,78.16172
Bharat Petroleum Petrol Pump -T.M.Duraiswamy Naidu & Co.,12.1286,78.15959
SRP Petroleum,12.1393,78.16633
Essar Petrol Bunk ( SNB AGENCIES ),12.11949,78.15048
Bharat Petroleum Petrol Pump -S M Fuel Agencies,12.14963,78.16393
HP PETROL PUMP - A K FUELS,12.10906,78.15147
PAARVATHI FUELS,12.15396,78.16285
SRI PERIYANDAVAR FUELS,12.12257,78.17515
ESSAR FUEL STATION,12.16484,78.18591
Sri vinayaga fuel station,12.16024,78.15115
HP Petrol pump Anna Petroleum Agency,12.1632,78.16529
Murugan Fuels - Indian Oil,12.10232,78.14483
