Indian Oil Petrol Pump,9.92198,78.11208
MADURAI FILLING STATION petrole station,9.91358,78.14474
Indian Oil petrol Bunk (Vetri Fuels),9.9533,78.09915
Indian Oil Petrol Pump (IDC Automobiles),9.91338,78.09626
HP PETROL PUMP - SUGANYA FILLING STATION,9.9446,78.1541
Indian Oil Petrol Pump HARIVEL MURUGAN ENTERPRISES,9.92716,78.09998
Sundar Filling Station,9.93843,78.13639
TVS Petrol Pump,9.91151,78.11489
Susee Petrol Bunk,9.93238,78.08557
Indian Oil Petrol Pump,9.95496,78.08647
Indian oil,9.8688,78.12836
IndianOil,9.93506,78.10149
HP Petrol Pump,9.9536,78.13256
HP PETROL PUMP - RAJA FILLING STATION,9.92768,78.1689
Indian Oil,9.96986,78.13837
Indian Oil Petrol Pump,9.89621,78.16105
Reliance Petroleum,9.91461,78.14251
HP PETROL PUMP - SUGANYA FILLING STATION,9.94063,78.10373
Indian Oil,9.91183,78.11319
HP PETROL PUMP - CSA AUTOMOBILES,9.92565,78.14007
