Bharat Petroleum Petrol Pump -Kannan Agencies,10.38381,78.79936
KR Fuels - Auto LPG Station - Pudukkottai,10.38321,78.80157
Bharat Petroleum Petrol Pump -Rathinammal Agencies,10.38411,78.79681
Indian Oil Petrol Station,10.38043,78.80888
Indian Oil Station - PLA,10.38193,78.80821
HP PETROL PUMP - MEENAKSHI PETROLEUM PRODUCTS,10.3837,78.79901
Petrol Bunk,10.37334,78.80637
Bharat Petroleum Petrol Pump -T.V.Sundaram Iyengar & Sons,10.36763,78.81339
senthil service station,10.37155,78.81639
King Petrol Bunk,10.39553,78.79749
AVM Fuel Service Indian Oil Corporation,10.36139,78.81182
Bharat Petroleum Petrol Pump -Rani Kamalambal Rajayee Agencies,10.38219,78.80745
Revathi Petrol Bunk,10.39043,78.82338
Indian Oil Petrol Pump,10.40278,78.79249
AVM Petrol Pump,10.36018,78.80907
Lpg Station,10.35318,78.78467
Reliance Petrol Pump,10.37613,78.82537
Essar petrol pumpSRIHARISH Petroleum,10.36697,78.8348
Hindustan Petroleum,10.37806,78.82101
